<?xml version="1.0" encoding="UTF-8" ?>
<!DOCTYPE sqlMapConfig
   PUBLIC "-//ibatis.apache.org//DTD SQL Map Config 2.0//EN"
   "http://ibatis.apache.org/dtd/sql-map-config-2.dtd">
<sqlMapConfig>
	<transactionManager type="JDBC">
		<dataSource type="SIMPLE">
			<property name="JDBC.Driver" value="org.gjt.mm.mysql.Driver" />
			<property name="JDBC.ConnectionURL" value="jdbc:mysql://localhost/hibernate" />
			<property name="JDBC.Username" value="root" />
			<property name="JDBC.Password" value="" />
		</dataSource>
	</transactionManager>
	<sqlMap resource="Coche.xml" />
	<sqlMap resource="Reservas.xml" />
</sqlMapConfig>