<?xml version="1.0" encoding="UTF-8" ?>
<!DOCTYPE sqlMap 
   PUBLIC "-//ibatis.apache.org//DTD SQL Map 2.0//EN" 
   "http://ibatis.apache.org/dtd/sql-map-2.dtd" >
<sqlMap>
	<select id="getCampo" resultClass="com.objetos.Campo">
		SELECT
		ID_CAMPO as id_campo,
		NOMBRE_CAMPO as nombreCampo
		FROM CAMPO
		WHERE ID_CAMPO = #valor#
	</select>

	<select id="getCampos" resultClass="com.objetos.Campo">
		SELECT
		ID_CAMPO as id_campo,
		NOMBRE_CAMPO as nombreCampo
		FROM CAMPO
	</select>

	<select id="getHashCampo" resultClass="java.util.Hashtable">
		SELECT
		ID_CAMPO as id_campo,
		NOMBRE_CAMPO as nombreCampo
		FROM CAMPO
		WHERE ID_CAMPO = #valor#
	</select>

	<insert id="insertCampo">
		INSERT INTO CAMPO VALUES (
		null,
		#nombreCampo#)
	</insert>

	<update id="updateCampo" parameterClass="com.objetos.Campo">
		UPDATE CAMPO SET
		NOMBRE_CAMPO = #nombreCampo#
		WHERE
		ID_CAMPO=#id_campo#
	</update>

	<delete id="removeCampo">
		DELETE FROM CAMPO WHERE ID_CAMPO=#valor#
	</delete>
</sqlMap>